62,2019-09-07 19:43:49.1205091+01:00,2019-09-07 19:43:49.1244219+01:00,0,Code 20G FD30 Fire Door,Code 20G FD30 Fire Door,Code 20G FD30 Fire Door,Code 20G FD30 Fire Door,Code 20G FD30 Fire Door,Code 20G FD30 Fire Door,199.7,0.0,0.0,code-20g-fd30-fire-door.jpg,11,0,0,4,4,0,code-20g-fd30-fire-door
63,2019-09-07 19:44:21.6217906+01:00,2019-09-07 19:44:21.6217984+01:00,0,Code 1G FD30 Fire Door,Code 1G FD30 Fire Door - Ply - GWPP - H2040xW926xD44mm,Code 1G FD30 Fire Door,Code 1G FD30 Fire Door,Code 1G FD30 Fire Door,Code 1G FD30 Fire Door,202.1,0.0,0.0,code-1g-fd30-fire-door.PNG,7,0,0,4,3,0,code-1g-fd30-fire-door
64,2019-09-07 19:44:21.7632884+01:00,2019-09-07 19:44:21.763297+01:00,0,OAK 4-PANEL 35MM,OAK 4-PANEL 35MM,OAK 4-PANEL 35MM,OAK 4-PANEL 35MM,OAK 4-PANEL 35MM,OAK 4-PANEL 35MM,98.0,0.0,0.0,oak-4-panel-35mm.JPG,8,0,0,4,4,0,oak-4-panel-35mm
65,2019-09-07 19:44:21.8501824+01:00,2019-09-07 19:44:21.8501903+01:00,0,White Painted Pine Top Hung Roof Window,White Painted Pine Top Hung Roof Window,White Painted Pine Top Hung Roof Window,White Painted Pine Top Hung Roof Window,White Painted Pine Top Hung Roof Window,White Painted Pine Top Hung Roof Window,342.67,0.0,0.0,white-painted-pine-top-hung-roof-window.JPG,9,0,0,4,4,0,white-painted-pine-top-hung-roof-window
66,2019-09-07 19:44:21.9258514+01:00,2019-09-07 19:44:21.9258595+01:00,0,Code 25G FD30 Fire Door,Code 25G FD30 Fire Door,Code 25G FD30 Fire Door,Code 25G FD30 Fire Door,Code 25G FD30 Fire Door,Code 25G FD30 Fire Door,206.11,0.0,0.0,code-25g-fd30-fire-door.JPG,12,0,0,4,4,0,code-25g-fd30-fire-door
67,2019-09-07 19:44:22.0171344+01:00,2019-09-07 19:44:22.0171434+01:00,0,Cotswold Oak Internal Cottage Door Unfinished,Cotswold Oak Internal Cottage Door Unfinished,Cotswold Oak Internal Cottage Door Unfinished,Cotswold Oak Internal Cottage Door Unfinished,Cotswold Oak Internal Cottage Door Unfinished,Cotswold Oak Internal Cottage Door Unfinished,66.98,0.0,0.0,cotswold-oak-internal-cottage-door-unfinished.JPG,7,0,0,4,4,0,cotswold-oak-internal-cottage-door-unfinished
68,2019-09-07 19:44:22.124795+01:00,2019-09-07 19:44:22.1248093+01:00,0,Arezzo Round Matt Black Modern Basin Bottle Trap,Arezzo Round Matt Black Modern Basin Bottle Trap,Arezzo Round Matt Black Modern Basin Bottle Trap,Arezzo Round Matt Black Modern Basin Bottle Trap,Arezzo Round Matt Black Modern Basin Bottle Trap,Arezzo Round Matt Black Modern Basin Bottle Trap,49.95,0.0,0.0,arezzo-round-matt-black.jpg,8,0,0,7,2,0,arezzo-round-matt-black-modern-basin-bottle-trap
69,2019-09-07 19:44:22.2273441+01:00,2019-09-07 19:44:22.2273564+01:00,0,Ring Seal Soil Stack Complete Kit,Ring Seal Soil Stack Complete Kit,Ring Seal Soil Stack Complete Kit,Ring Seal Soil Stack Complete Kit,Ring Seal Soil Stack Complete Kit,Ring Seal Soil Stack Complete Kit,93.84,0.0,0.0,ring-seal-soil-stack-complete-kit.JPG,7,0,0,7,3,0,ring-seal-soil-stack-complete-kit
70,2019-09-07 19:44:22.315636+01:00,2019-09-07 19:44:22.3156458+01:00,0,Rectangular Ducting,Rectangular Ducting 180mm X 90mm - Flat Channel 1 Mtr,Rectangular Ducting,Rectangular Ducting,Rectangular Ducting,Rectangular Ducting,17.02,0.0,0.0,rectangular-ducting.JPG,9,0,0,7,3,0,rectangular-ducting
71,2019-09-07 19:44:22.4022851+01:00,2019-09-07 19:44:22.4022945+01:00,0,RS PRO Galvanised Steel Round Tube,"RS PRO Galvanised Steel Round Tube, 1000mm Length, Dia. 48.8mm",RS PRO Galvanised Steel Round Tube,RS PRO Galvanised Steel Round Tube,RS PRO Galvanised Steel Round Tube,RS PRO Galvanised Steel Round Tube,15.2,0.0,0.0,rs-pro-galvanised-steel-round-tube.JPG,7,0,0,7,3,0,rs-pro-galvanised-steel-round-tube
72,2019-09-07 19:44:22.4862877+01:00,2019-09-07 19:44:22.4862978+01:00,0,Round Modern Chrome Basin Bottle Trap,Round Modern Chrome Basin Bottle Trap + Tube to Floor Pipe Set,Round Modern Chrome Basin Bottle Trap,Round Modern Chrome Basin Bottle Trap,Round Modern Chrome Basin Bottle Trap,Round Modern Chrome Basin Bottle Trap,59.95,0.0,0.0,round-modern-chrome-basin-bottle-trap.JPG,7,0,0,7,3,0,round-modern-chrome-basin-bottle-trap
73,2019-09-07 19:44:22.5694061+01:00,2019-09-07 19:44:22.569416+01:00,0,Intumescent pipe collar,Intumescent pipe collar,Intumescent pipe collar,Intumescent pipe collar,Intumescent pipe collar,Intumescent pipe collar,10.6,0.0,0.0,intumescent-pipe-collar.JPG,8,0,0,7,3,0,intumescent-pipe-collar
74,2019-09-07 19:44:22.6581182+01:00,2019-09-07 19:44:22.6581293+01:00,0,"RS PRO PVC Flexible Tubing, transparent","RS PRO PVC Flexible Tubing, transparent, 11.5mm External Diameter, 25m Long Reinforced, 28mm Bend Radius","RS PRO PVC Flexible Tubing, transparent","RS PRO PVC Flexible Tubing, transparent","RS PRO PVC Flexible Tubing, transparent","RS PRO PVC Flexible Tubing, transparent",26.81,0.0,0.0,rs-pro-pvc-flexible-tubing-transparent.JPG,9,0,0,7,3,0,rs-pro-pvc-flexible-tubing-transparent
75,2019-09-07 19:44:22.7385413+01:00,2019-09-07 19:44:22.7385521+01:00,0,Traditional Luxury Exposed Free Standing Bath Drai,Traditional Luxury Exposed Free Standing Bath Drainage Kit - Chrome,Traditional Luxury Exposed Free Standing Bath Drai,Traditional Luxury Exposed Free Standing Bath Drai,Traditional Luxury Exposed Free Standing Bath Drai,Traditional Luxury Exposed Free Standing Bath Drai,79.95,0.0,0.0,traditional-luxury-exposed-free.jpg,7,0,0,7,3,0,traditional-luxury-exposed-free-standing-bath-drai
76,2019-09-07 19:44:22.8225289+01:00,2019-09-07 19:44:22.8225388+01:00,0,Orchard L shaped left handed shower bath,Orchard L shaped left handed shower bath,Orchard L shaped left handed shower bath,Orchard L shaped left handed shower bath,Orchard L shaped left handed shower bath,Orchard L shaped left handed shower bath,179.0,0.0,0.0,orchard-l-shaped-left-handed-shower-bath.JPG,9,0,0,2,5,0,orchard-l-shaped-left-handed-shower-bath
77,2019-09-07 19:44:22.9049608+01:00,2019-09-07 19:44:22.9049704+01:00,0,Apollo Back To Wall Modern Curved Bath,Apollo Back To Wall Modern Curved Bath (1700 x 800mm),Apollo Back To Wall Modern Curved Bath,Apollo Back To Wall Modern Curved Bath,Apollo Back To Wall Modern Curved Bath,Apollo Back To Wall Modern Curved Bath,599.95,0.0,0.0,apollo-back-wall-modern-curved-bath.JPG,12,0,0,2,5,0,apollo-back-wall-modern-curved-bath
78,2019-09-07 19:44:22.9975115+01:00,2019-09-07 19:44:22.9975213+01:00,0,Mode Ellis freestanding bath,Mode Ellis freestanding bath 1800 x 870,Mode Ellis freestanding bath,Mode Ellis freestanding bath,Mode Ellis freestanding bath,Mode Ellis freestanding bath,350.2,0.0,0.0,mode-ellis-freestanding-bath.JPG,5,0,0,2,5,0,mode-ellis-freestanding-bath
79,2019-09-07 19:44:23.073467+01:00,2019-09-07 19:44:23.0734758+01:00,0,Orchard square edge single ended bath,Orchard square edge single ended bath,Orchard square edge single ended bath,Orchard square edge single ended bath,Orchard square edge single ended bath,Orchard square edge single ended bath,107.2,0.0,0.0,orchard-square-edge-single-ended-bath.JPG,8,0,0,2,4,0,orchard-square-edge-single-ended-bath
80,2019-09-07 19:44:23.1453696+01:00,2019-09-07 19:44:23.1453786+01:00,0,Appleby 1700 LH Roll Top Shower Bath,Appleby 1700 LH Roll Top Shower Bath with Screen + Chrome Leg Set,Appleby 1700 LH Roll Top Shower Bath,Appleby 1700 LH Roll Top Shower Bath,Appleby 1700 LH Roll Top Shower Bath,Appleby 1700 LH Roll Top Shower Bath,499.95,0.0,0.0,appleby-1700-lh-roll-top-shower-bath.JPG,8,0,0,2,3,0,appleby-1700-lh-roll-top-shower-bath
81,2019-09-07 19:44:23.2170851+01:00,2019-09-07 19:44:23.2170938+01:00,0,Rondo Wall Hung Small Cloakroom Basin,Rondo Wall Hung Small Cloakroom Basin R/H 1TH - 365 x 180mm,Rondo Wall Hung Small Cloakroom Basin,Rondo Wall Hung Small Cloakroom Basin,Rondo Wall Hung Small Cloakroom Basin,Rondo Wall Hung Small Cloakroom Basin,44.95,0.0,0.0,rondo-wall-hung-small-cloakroom-basin.JPG,6,0,0,1,3,0,rondo-wall-hung-small-cloakroom-basin
82,2019-09-07 19:44:23.2971845+01:00,2019-09-07 19:44:23.2971939+01:00,0,Roper Rhodes Esta 460mm Cloakroom Basin,Roper Rhodes Esta 460mm Cloakroom Basin - ESB45,Roper Rhodes Esta 460mm Cloakroom Basin,Roper Rhodes Esta 460mm Cloakroom Basin,Roper Rhodes Esta 460mm Cloakroom Basin,Roper Rhodes Esta 460mm Cloakroom Basin,120.7,0.0,0.0,roper-rhodes-esta-460mm-cloakroom-basin.JPG,8,0,0,1,3,0,roper-rhodes-esta-460mm-cloakroom-basin
83,2019-09-07 19:44:23.3810073+01:00,2019-09-07 19:44:23.3810162+01:00,0,Rio Oval Inset Basin 1TH - 520 x 460mm,Rio Oval Inset Basin 1TH - 520 x 460mm,Rio Oval Inset Basin 1TH - 520 x 460mm,Rio Oval Inset Basin 1TH - 520 x 460mm,Rio Oval Inset Basin 1TH - 520 x 460mm,Rio Oval Inset Basin 1TH - 520 x 460mm,39.95,0.0,0.0,rio-oval-inset-basin-1th-520-x-460mm.JPG,8,0,0,1,5,0,rio-oval-inset-basin-1th-520-x-460mm
84,2019-09-07 19:44:23.4484915+01:00,2019-09-07 19:44:23.4484999+01:00,0,Circuit breaker,"Circuit breaker, 60A",Circuit breaker,Circuit breaker,Circuit breaker,Circuit breaker,330.0,0.0,0.0,circuit-breaker.JPG,10,0,0,5,5,0,circuit-breaker
85,2019-09-07 19:44:23.519687+01:00,2019-09-07 19:44:23.5196958+01:00,0,8 holes panel box/breaker box,8 holes panel box/breaker box,8 holes panel box/breaker box,8 holes panel box/breaker box,8 holes panel box/breaker box,8 holes panel box/breaker box,1100.0,0.0,0.0,8-holes-panel-boxbreaker-box.JPG,8,0,0,5,3,0,8-holes-panel-boxbreaker-box
86,2019-09-07 19:44:23.6025619+01:00,2019-09-07 19:44:23.6025706+01:00,0,"2 gang switch, with cover, window plate","2 gang switch, with cover, window plate","2 gang switch, with cover, window plate","2 gang switch, with cover, window plate","2 gang switch, with cover, window plate","2 gang switch, with cover, window plate",185.0,0.0,0.0,2-gang-switch-cover-window-plate.JPG,23,0,0,5,3,0,2-gang-switch-cover-window-plate
87,2019-09-07 19:44:23.6758067+01:00,2019-09-07 19:44:23.6758158+01:00,0,"Recessed pinlight,","Recessed pinlight,","Recessed pinlight,","Recessed pinlight,","Recessed pinlight,","Recessed pinlight,",396.0,0.0,0.0,recessed-pinlight.JPG,12,0,0,5,5,0,recessed-pinlight
88,2019-09-07 19:44:23.7445882+01:00,2019-09-07 19:44:23.7445969+01:00,0,LED flourescent lamp,"LED flourescent lamp, recessed, with housing & diffusers",LED flourescent lamp,LED flourescent lamp,LED flourescent lamp,LED flourescent lamp,1450.0,0.0,0.0,led-flourescent-lamp.JPG,8,0,0,5,2,0,led-flourescent-lamp
89,2019-09-07 19:44:23.8149315+01:00,2019-09-07 19:44:23.8149402+01:00,0,"Convenience outlet, 2-gang","Convenience outlet, 2-gang","Convenience outlet, 2-gang","Convenience outlet, 2-gang","Convenience outlet, 2-gang","Convenience outlet, 2-gang",185.0,0.0,0.0,convenience-outlet-2-gang.JPG,14,0,0,5,2,0,convenience-outlet-2-gang
90,2019-09-07 19:44:23.8750797+01:00,2019-09-07 19:44:23.8750881+01:00,0,"Electrical tape, big","Electrical tape, big","Electrical tape, big","Electrical tape, big","Electrical tape, big","Electrical tape, big",38.0,0.0,0.0,electrical-tape-big.JPG,12,0,0,5,5,0,electrical-tape-big
91,2019-09-07 19:44:23.9552935+01:00,2019-09-07 19:44:23.9553027+01:00,0,"Junction box, PVC, deep type","Junction box, PVC, deep type","Junction box, PVC, deep type","Junction box, PVC, deep type","Junction box, PVC, deep type","Junction box, PVC, deep type",35.0,0.0,0.0,junction-box-pvc-deep-type.JPG,9,0,0,5,3,0,junction-box-pvc-deep-type
92,2019-09-07 19:44:24.0276912+01:00,2019-09-07 19:44:24.0277009+01:00,0,"Utility box, PVC, deep type","Utility box, PVC, deep type","Utility box, PVC, deep type","Utility box, PVC, deep type","Utility box, PVC, deep type","Utility box, PVC, deep type",30.0,0.0,0.0,utility-box-pvc-deep-type.JPG,9,0,0,5,4,0,utility-box-pvc-deep-type
93,2019-09-07 19:44:24.1020293+01:00,2019-09-07 19:44:24.1020388+01:00,0,THIN electrical wire,THIN electrical wire,THIN electrical wire,THIN electrical wire,THIN electrical wire,THIN electrical wire,2970.0,0.0,0.0,thin-electrical-wire.JPG,9,0,0,5,3,0,thin-electrical-wire
94,2019-09-07 19:44:24.1700826+01:00,2019-09-07 19:44:24.1700915+01:00,0,"Flexible conduit, D-25mm","Flexible conduit, D-25mm","Flexible conduit, D-25mm","Flexible conduit, D-25mm","Flexible conduit, D-25mm","Flexible conduit, D-25mm",900.0,0.0,0.0,flexible-conduit-d-25mm.JPG,9,0,0,5,2,0,flexible-conduit-d-25mm
95,2019-09-07 19:44:24.2505014+01:00,2019-09-07 19:44:24.2505103+01:00,0,"Conduit, PVC, D-25mm","Conduit, PVC, D-25mm","Conduit, PVC, D-25mm","Conduit, PVC, D-25mm","Conduit, PVC, D-25mm","Conduit, PVC, D-25mm",78.0,0.0,0.0,conduit-pvc-d-25mm.JPG,9,0,0,5,1,0,conduit-pvc-d-25mm
96,2019-09-07 19:44:24.3174414+01:00,2019-09-07 19:44:24.3174504+01:00,0,Tex screw,Tex screw,Tex screw,Tex screw,Tex screw,Tex screw,3.0,0.0,0.0,tex-screw.JPG,8,0,0,3,3,0,tex-screw
97,2019-09-07 19:44:24.3848721+01:00,2019-09-07 19:44:24.3848809+01:00,0,Blind rivets (500's),Blind rivets (500's),Blind rivets (500's),Blind rivets (500's),Blind rivets (500's),Blind rivets (500's),290.0,0.0,0.0,blind-rivets-500s.JPG,6,0,0,3,2,0,blind-rivets-500s
98,2019-09-07 19:44:24.4534856+01:00,2019-09-07 19:44:24.4534942+01:00,0,Wall angle,Wall angle,Wall angle,Wall angle,Wall angle,Wall angle,75.0,0.0,0.0,wall-angle.JPG,6,0,0,3,3,0,wall-angle
99,2019-09-07 19:44:24.536166+01:00,2019-09-07 19:44:24.5361794+01:00,0,C- channel,C- channel,C- channel,C- channel,C- channel,C- channel,210.0,0.0,0.0,c-channel.JPG,8,0,0,3,3,0,c-channel
100,2019-09-07 19:44:24.6236062+01:00,2019-09-07 19:44:24.6236155+01:00,0,"Metal furring, 0.5mm, 12mm x 38mm x 5m","Metal furring, 0.5mm, 12mm x 38mm x 5m","Metal furring, 0.5mm, 12mm x 38mm x 5m","Metal furring, 0.5mm, 12mm x 38mm x 5m","Metal furring, 0.5mm, 12mm x 38mm x 5m","Metal furring, 0.5mm, 12mm x 38mm x 5m",180.0,0.0,0.0,metal-furring-05mm-12mm-x-38mm-x-5m.JPG,8,0,0,3,4,0,metal-furring-05mm-12mm-x-38mm-x-5m
101,2019-09-07 19:44:24.7051324+01:00,2019-09-07 19:44:24.7051417+01:00,0,"Light fiber cement board, 1/4"" x 4"" x 8'","Light fiber cement board, 1/4"" x 4"" x 8'","Light fiber cement board, 1/4"" x 4"" x 8'","Light fiber cement board, 1/4"" x 4"" x 8'","Light fiber cement board, 1/4"" x 4"" x 8'","Light fiber cement board, 1/4"" x 4"" x 8'",590.0,0.0,0.0,light-fiber-cement-board-14-x-4-x-8.JPG,14,0,0,3,5,0,light-fiber-cement-board-14-x-4-x-8
102,2019-09-07 19:44:24.7916083+01:00,2019-09-07 19:44:24.7916181+01:00,0,"WC, Basin & Pedesta","WC, Basin & Pedesta","WC, Basin & Pedesta","WC, Basin & Pedesta","WC, Basin & Pedesta","WC, Basin & Pedesta",295.0,0.0,0.0,wc-basin-pedesta.JPG,8,0,0,1,5,0,wc-basin-pedesta
103,2019-09-07 19:44:24.8667668+01:00,2019-09-07 19:44:24.8667765+01:00,0,Welding rod,Welding rod,Welding rod,Welding rod,Welding rod,Welding rod,140.0,0.0,0.0,welding-rod.JPG,16,0,0,8,5,0,welding-rod
104,2019-09-07 19:44:24.9422085+01:00,2019-09-07 19:44:24.9422231+01:00,0,Primer paint/red oxide,Primer paint/red oxide,Primer paint/red oxide,Primer paint/red oxide,Primer paint/red oxide,Primer paint/red oxide,290.0,0.0,0.0,primer-paintred-oxide.JPG,15,0,0,8,5,0,primer-paintred-oxide
105,2019-09-07 19:44:25.0190828+01:00,2019-09-07 19:44:25.0190927+01:00,0,"Grinding disc, 4""","Grinding disc, 4""","Grinding disc, 4""","Grinding disc, 4""","Grinding disc, 4""","Grinding disc, 4""",55.0,0.0,0.0,grinding-disc-4.JPG,14,0,0,8,4,0,grinding-disc-4
106,2019-09-07 19:44:25.0945241+01:00,2019-09-07 19:44:25.0945333+01:00,0,"Metal cutting disc, 14""","Metal cutting disc, 14""","Metal cutting disc, 14""","Metal cutting disc, 14""","Metal cutting disc, 14""","Metal cutting disc, 14""",300.0,0.0,0.0,metal-cutting-disc-14.JPG,23,0,0,8,4,0,metal-cutting-disc-14
107,2019-09-07 19:44:25.1648821+01:00,2019-09-07 19:44:25.1648917+01:00,0,"Tile cutting disc, 4""","Tile cutting disc, 4""","Tile cutting disc, 4""","Tile cutting disc, 4""","Tile cutting disc, 4""","Tile cutting disc, 4""",500.0,0.0,0.0,tile-cutting-disc-4.JPG,16,0,0,8,4,0,tile-cutting-disc-4
108,2019-09-07 19:44:25.2407319+01:00,2019-09-07 19:44:25.2407417+01:00,0,Tile grout,Tile grout,Tile grout,Tile grout,Tile grout,Tile grout,85.0,0.0,0.0,tile-grout.JPG,35,0,0,8,3,0,tile-grout
109,2019-09-07 19:44:25.3199665+01:00,2019-09-07 19:44:25.3199767+01:00,0,Tile adhesive,Tile adhesive,Tile adhesive,Tile adhesive,Tile adhesive,Tile adhesive,240.0,0.0,0.0,tile-adhesive.JPG,15,0,0,8,3,0,tile-adhesive
110,2019-09-07 19:44:25.4026855+01:00,2019-09-07 19:44:25.4026948+01:00,0,0.40m x 0.40m non-slip granite tiles,0.40m x 0.40m non-slip granite tiles,0.40m x 0.40m non-slip granite tiles,0.40m x 0.40m non-slip granite tiles,0.40m x 0.40m non-slip granite tiles,0.40m x 0.40m non-slip granite tiles,160.0,0.0,0.0,040m-x-040m-non-slip-granite-tiles.JPG,43,0,0,8,2,0,040m-x-040m-non-slip-granite-tiles
111,2019-09-07 19:44:25.4736286+01:00,2019-09-07 19:44:25.4736364+01:00,0,"Latex paint, Raw siena","Latex paint, Raw siena","Latex paint, Raw siena","Latex paint, Raw siena","Latex paint, Raw siena","Latex paint, Raw siena",170.0,0.0,0.0,latex-paint-raw-siena.JPG,16,0,0,6,3,0,latex-paint-raw-siena
112,2019-09-07 19:44:25.5461052+01:00,2019-09-07 19:44:25.5461132+01:00,0,"Latex paint, Thalo green","Latex paint, Thalo green","Latex paint, Thalo green","Latex paint, Thalo green","Latex paint, Thalo green","Latex paint, Thalo green",170.0,0.0,0.0,latex-paint-thalo-green.JPG,8,0,0,6,2,0,latex-paint-thalo-green
113,2019-09-07 19:44:25.6188744+01:00,2019-09-07 19:44:25.6188825+01:00,0,"Latex paint, Tholudine red","Latex paint, Tholudine red","Latex paint, Tholudine red","Latex paint, Tholudine red","Latex paint, Tholudine red","Latex paint, Tholudine red",167.0,0.0,0.0,latex-paint-tholudine-red.JPG,9,0,0,6,2,0,latex-paint-tholudine-red
114,2019-09-07 19:44:25.6932001+01:00,2019-09-07 19:44:25.6932083+01:00,0,"Latex paint, Hansa yellow","Latex paint, Hansa yellow","Latex paint, Hansa yellow","Latex paint, Hansa yellow","Latex paint, Hansa yellow","Latex paint, Hansa yellow",180.0,0.0,0.0,latex-paint-hansa-yellow.JPG,14,0,0,6,2,0,latex-paint-hansa-yellow
115,2019-09-07 19:44:25.7642795+01:00,2019-09-07 19:44:25.7642873+01:00,0,Roller paint brush with pan,Roller paint brush with pan,Roller paint brush with pan,Roller paint brush with pan,Roller paint brush with pan,Roller paint brush with pan,145.0,0.0,0.0,roller-paint-brush-pan.JPG,14,0,0,6,1,0,roller-paint-brush-pan
116,2019-09-07 19:44:25.8357212+01:00,2019-09-07 19:44:25.8357296+01:00,0,Acrylic paint brush,Acrylic paint brush,Acrylic paint brush,Acrylic paint brush,Acrylic paint brush,Acrylic paint brush,167.0,0.0,0.0,acrylic-paint-brush.JPG,13,0,0,6,1,0,acrylic-paint-brush
117,2019-09-07 19:44:25.9124065+01:00,2019-09-07 19:44:25.9124169+01:00,0,Sand paper,Sand paper,Sand paper,Sand paper,Sand paper,Sand paper,210.0,0.0,0.0,sand-paper.JPG,9,0,0,6,1,0,sand-paper
118,2019-09-07 19:44:25.9919133+01:00,2019-09-07 19:44:25.9919222+01:00,0,Paint thinner,Paint thinner,Paint thinner,Paint thinner,Paint thinner,Paint thinner,280.0,0.0,0.0,paint-thinner.JPG,16,0,0,6,1,0,paint-thinner
119,2019-09-07 19:44:26.0790573+01:00,2019-09-07 19:44:26.0790668+01:00,0,"Semi-gloss latex, elastomeric","Semi-gloss latex, elastomeric","Semi-gloss latex, elastomeric","Semi-gloss latex, elastomeric","Semi-gloss latex, elastomeric","Semi-gloss latex, elastomeric",630.0,0.0,0.0,semi-gloss-latex-elastomeric.JPG,16,0,0,6,1,0,semi-gloss-latex-elastomeric
120,2019-09-07 19:44:26.1625997+01:00,2019-09-07 19:44:26.1626086+01:00,0,Flat wall latex,Flat wall latex,Flat wall latex,Flat wall latex,Flat wall latex,Flat wall latex,520.0,0.0,0.0,flat-wall-latex.JPG,8,0,0,6,1,0,flat-wall-latex
121,2019-09-07 19:44:26.2426867+01:00,2019-09-07 19:44:26.2426953+01:00,0,Concrete putty,Concrete putty,Concrete putty,Concrete putty,Concrete putty,Concrete putty,390.0,0.0,0.0,concrete-putty.JPG,9,0,0,6,1,0,concrete-putty
122,2019-09-07 19:44:26.3113666+01:00,2019-09-07 19:44:26.3113757+01:00,0,Concrete nutralizer,Concrete nutralizer,Concrete nutralizer,Concrete nutralizer,Concrete nutralizer,Concrete nutralizer,250.0,0.0,0.0,concrete-nutralizer.JPG,12,0,0,6,1,0,concrete-nutralizer
